"quarter_id","name_cy","name_eg","abbr_cy","abbr_eg","year_cal","year_fin"
"1970Q1","Chwarter 1 1970","Quarter 1 1970","C1-70","Q1-70","1970","1969-70"
"1970Q2","Chwarter 2 1970","Quarter 2 1970","C2-70","Q2-70","1970","1970-71"
"1970Q3","Chwarter 3 1970","Quarter 3 1970","C3-70","Q3-70","1970","1970-71"
"1970Q4","Chwarter 4 1970","Quarter 4 1970","C4-70","Q4-70","1970","1970-71"
"1971Q1","Chwarter 1 1971","Quarter 1 1971","C1-71","Q1-71","1971","1970-71"
"1971Q2","Chwarter 2 1971","Quarter 2 1971","C2-71","Q2-71","1971","1971-72"
"1971Q3","Chwarter 3 1971","Quarter 3 1971","C3-71","Q3-71","1971","1971-72"
"1971Q4","Chwarter 4 1971","Quarter 4 1971","C4-71","Q4-71","1971","1971-72"
"1972Q1","Chwarter 1 1972","Quarter 1 1972","C1-72","Q1-72","1972","1971-72"
"1972Q2","Chwarter 2 1972","Quarter 2 1972","C2-72","Q2-72","1972","1972-73"
"1972Q3","Chwarter 3 1972","Quarter 3 1972","C3-72","Q3-72","1972","1972-73"
"1972Q4","Chwarter 4 1972","Quarter 4 1972","C4-72","Q4-72","1972","1972-73"
"1973Q1","Chwarter 1 1973","Quarter 1 1973","C1-73","Q1-73","1973","1972-73"
"1973Q2","Chwarter 2 1973","Quarter 2 1973","C2-73","Q2-73","1973","1973-74"
"1973Q3","Chwarter 3 1973","Quarter 3 1973","C3-73","Q3-73","1973","1973-74"
"1973Q4","Chwarter 4 1973","Quarter 4 1973","C4-73","Q4-73","1973","1973-74"
"1974Q1","Chwarter 1 1974","Quarter 1 1974","C1-74","Q1-74","1974","1973-74"
"1974Q2","Chwarter 2 1974","Quarter 2 1974","C2-74","Q2-74","1974","1974-75"
"1974Q3","Chwarter 3 1974","Quarter 3 1974","C3-74","Q3-74","1974","1974-75"
"1974Q4","Chwarter 4 1974","Quarter 4 1974","C4-74","Q4-74","1974","1974-75"
"1975Q1","Chwarter 1 1975","Quarter 1 1975","C1-75","Q1-75","1975","1974-75"
"1975Q2","Chwarter 2 1975","Quarter 2 1975","C2-75","Q2-75","1975","1975-76"
"1975Q3","Chwarter 3 1975","Quarter 3 1975","C3-75","Q3-75","1975","1975-76"
"1975Q4","Chwarter 4 1975","Quarter 4 1975","C4-75","Q4-75","1975","1975-76"
"1976Q1","Chwarter 1 1976","Quarter 1 1976","C1-76","Q1-76","1976","1975-76"
"1976Q2","Chwarter 2 1976","Quarter 2 1976","C2-76","Q2-76","1976","1976-77"
"1976Q3","Chwarter 3 1976","Quarter 3 1976","C3-76","Q3-76","1976","1976-77"
"1976Q4","Chwarter 4 1976","Quarter 4 1976","C4-76","Q4-76","1976","1976-77"
"1977Q1","Chwarter 1 1977","Quarter 1 1977","C1-77","Q1-77","1977","1976-77"
"1977Q2","Chwarter 2 1977","Quarter 2 1977","C2-77","Q2-77","1977","1977-78"
"1977Q3","Chwarter 3 1977","Quarter 3 1977","C3-77","Q3-77","1977","1977-78"
"1977Q4","Chwarter 4 1977","Quarter 4 1977","C4-77","Q4-77","1977","1977-78"
"1978Q1","Chwarter 1 1978","Quarter 1 1978","C1-78","Q1-78","1978","1977-78"
"1978Q2","Chwarter 2 1978","Quarter 2 1978","C2-78","Q2-78","1978","1978-79"
"1978Q3","Chwarter 3 1978","Quarter 3 1978","C3-78","Q3-78","1978","1978-79"
"1978Q4","Chwarter 4 1978","Quarter 4 1978","C4-78","Q4-78","1978","1978-79"
"1979Q1","Chwarter 1 1979","Quarter 1 1979","C1-79","Q1-79","1979","1978-79"
"1979Q2","Chwarter 2 1979","Quarter 2 1979","C2-79","Q2-79","1979","1979-80"
"1979Q3","Chwarter 3 1979","Quarter 3 1979","C3-79","Q3-79","1979","1979-80"
"1979Q4","Chwarter 4 1979","Quarter 4 1979","C4-79","Q4-79","1979","1979-80"
"1980Q1","Chwarter 1 1980","Quarter 1 1980","C1-80","Q1-80","1980","1979-80"
"1980Q2","Chwarter 2 1980","Quarter 2 1980","C2-80","Q2-80","1980","1980-81"
"1980Q3","Chwarter 3 1980","Quarter 3 1980","C3-80","Q3-80","1980","1980-81"
"1980Q4","Chwarter 4 1980","Quarter 4 1980","C4-80","Q4-80","1980","1980-81"
"1981Q1","Chwarter 1 1981","Quarter 1 1981","C1-81","Q1-81","1981","1980-81"
"1981Q2","Chwarter 2 1981","Quarter 2 1981","C2-81","Q2-81","1981","1981-82"
"1981Q3","Chwarter 3 1981","Quarter 3 1981","C3-81","Q3-81","1981","1981-82"
"1981Q4","Chwarter 4 1981","Quarter 4 1981","C4-81","Q4-81","1981","1981-82"
"1982Q1","Chwarter 1 1982","Quarter 1 1982","C1-82","Q1-82","1982","1981-82"
"1982Q2","Chwarter 2 1982","Quarter 2 1982","C2-82","Q2-82","1982","1982-83"
"1982Q3","Chwarter 3 1982","Quarter 3 1982","C3-82","Q3-82","1982","1982-83"
"1982Q4","Chwarter 4 1982","Quarter 4 1982","C4-82","Q4-82","1982","1982-83"
"1983Q1","Chwarter 1 1983","Quarter 1 1983","C1-83","Q1-83","1983","1982-83"
"1983Q2","Chwarter 2 1983","Quarter 2 1983","C2-83","Q2-83","1983","1983-84"
"1983Q3","Chwarter 3 1983","Quarter 3 1983","C3-83","Q3-83","1983","1983-84"
"1983Q4","Chwarter 4 1983","Quarter 4 1983","C4-83","Q4-83","1983","1983-84"
"1984Q1","Chwarter 1 1984","Quarter 1 1984","C1-84","Q1-84","1984","1983-84"
"1984Q2","Chwarter 2 1984","Quarter 2 1984","C2-84","Q2-84","1984","1984-85"
"1984Q3","Chwarter 3 1984","Quarter 3 1984","C3-84","Q3-84","1984","1984-85"
"1984Q4","Chwarter 4 1984","Quarter 4 1984","C4-84","Q4-84","1984","1984-85"
"1985Q1","Chwarter 1 1985","Quarter 1 1985","C1-85","Q1-85","1985","1984-85"
"1985Q2","Chwarter 2 1985","Quarter 2 1985","C2-85","Q2-85","1985","1985-86"
"1985Q3","Chwarter 3 1985","Quarter 3 1985","C3-85","Q3-85","1985","1985-86"
"1985Q4","Chwarter 4 1985","Quarter 4 1985","C4-85","Q4-85","1985","1985-86"
"1986Q1","Chwarter 1 1986","Quarter 1 1986","C1-86","Q1-86","1986","1985-86"
"1986Q2","Chwarter 2 1986","Quarter 2 1986","C2-86","Q2-86","1986","1986-87"
"1986Q3","Chwarter 3 1986","Quarter 3 1986","C3-86","Q3-86","1986","1986-87"
"1986Q4","Chwarter 4 1986","Quarter 4 1986","C4-86","Q4-86","1986","1986-87"
"1987Q1","Chwarter 1 1987","Quarter 1 1987","C1-87","Q1-87","1987","1986-87"
"1987Q2","Chwarter 2 1987","Quarter 2 1987","C2-87","Q2-87","1987","1987-88"
"1987Q3","Chwarter 3 1987","Quarter 3 1987","C3-87","Q3-87","1987","1987-88"
"1987Q4","Chwarter 4 1987","Quarter 4 1987","C4-87","Q4-87","1987","1987-88"
"1988Q1","Chwarter 1 1988","Quarter 1 1988","C1-88","Q1-88","1988","1987-88"
"1988Q2","Chwarter 2 1988","Quarter 2 1988","C2-88","Q2-88","1988","1988-89"
"1988Q3","Chwarter 3 1988","Quarter 3 1988","C3-88","Q3-88","1988","1988-89"
"1988Q4","Chwarter 4 1988","Quarter 4 1988","C4-88","Q4-88","1988","1988-89"
"1989Q1","Chwarter 1 1989","Quarter 1 1989","C1-89","Q1-89","1989","1988-89"
"1989Q2","Chwarter 2 1989","Quarter 2 1989","C2-89","Q2-89","1989","1989-90"
"1989Q3","Chwarter 3 1989","Quarter 3 1989","C3-89","Q3-89","1989","1989-90"
"1989Q4","Chwarter 4 1989","Quarter 4 1989","C4-89","Q4-89","1989","1989-90"
"1990Q1","Chwarter 1 1990","Quarter 1 1990","C1-90","Q1-90","1990","1989-90"
"1990Q2","Chwarter 2 1990","Quarter 2 1990","C2-90","Q2-90","1990","1990-91"
"1990Q3","Chwarter 3 1990","Quarter 3 1990","C3-90","Q3-90","1990","1990-91"
"1990Q4","Chwarter 4 1990","Quarter 4 1990","C4-90","Q4-90","1990","1990-91"
"1991Q1","Chwarter 1 1991","Quarter 1 1991","C1-91","Q1-91","1991","1990-91"
"1991Q2","Chwarter 2 1991","Quarter 2 1991","C2-91","Q2-91","1991","1991-92"
"1991Q3","Chwarter 3 1991","Quarter 3 1991","C3-91","Q3-91","1991","1991-92"
"1991Q4","Chwarter 4 1991","Quarter 4 1991","C4-91","Q4-91","1991","1991-92"
"1992Q1","Chwarter 1 1992","Quarter 1 1992","C1-92","Q1-92","1992","1991-92"
"1992Q2","Chwarter 2 1992","Quarter 2 1992","C2-92","Q2-92","1992","1992-93"
"1992Q3","Chwarter 3 1992","Quarter 3 1992","C3-92","Q3-92","1992","1992-93"
"1992Q4","Chwarter 4 1992","Quarter 4 1992","C4-92","Q4-92","1992","1992-93"
"1993Q1","Chwarter 1 1993","Quarter 1 1993","C1-93","Q1-93","1993","1992-93"
"1993Q2","Chwarter 2 1993","Quarter 2 1993","C2-93","Q2-93","1993","1993-94"
"1993Q3","Chwarter 3 1993","Quarter 3 1993","C3-93","Q3-93","1993","1993-94"
"1993Q4","Chwarter 4 1993","Quarter 4 1993","C4-93","Q4-93","1993","1993-94"
"1994Q1","Chwarter 1 1994","Quarter 1 1994","C1-94","Q1-94","1994","1993-94"
"1994Q2","Chwarter 2 1994","Quarter 2 1994","C2-94","Q2-94","1994","1994-95"
"1994Q3","Chwarter 3 1994","Quarter 3 1994","C3-94","Q3-94","1994","1994-95"
"1994Q4","Chwarter 4 1994","Quarter 4 1994","C4-94","Q4-94","1994","1994-95"
"1995Q1","Chwarter 1 1995","Quarter 1 1995","C1-95","Q1-95","1995","1994-95"
"1995Q2","Chwarter 2 1995","Quarter 2 1995","C2-95","Q2-95","1995","1995-96"
"1995Q3","Chwarter 3 1995","Quarter 3 1995","C3-95","Q3-95","1995","1995-96"
"1995Q4","Chwarter 4 1995","Quarter 4 1995","C4-95","Q4-95","1995","1995-96"
"1996Q1","Chwarter 1 1996","Quarter 1 1996","C1-96","Q1-96","1996","1995-96"
"1996Q2","Chwarter 2 1996","Quarter 2 1996","C2-96","Q2-96","1996","1996-97"
"1996Q3","Chwarter 3 1996","Quarter 3 1996","C3-96","Q3-96","1996","1996-97"
"1996Q4","Chwarter 4 1996","Quarter 4 1996","C4-96","Q4-96","1996","1996-97"
"1997Q1","Chwarter 1 1997","Quarter 1 1997","C1-97","Q1-97","1997","1996-97"
"1997Q2","Chwarter 2 1997","Quarter 2 1997","C2-97","Q2-97","1997","1997-98"
"1997Q3","Chwarter 3 1997","Quarter 3 1997","C3-97","Q3-97","1997","1997-98"
"1997Q4","Chwarter 4 1997","Quarter 4 1997","C4-97","Q4-97","1997","1997-98"
"1998Q1","Chwarter 1 1998","Quarter 1 1998","C1-98","Q1-98","1998","1997-98"
"1998Q2","Chwarter 2 1998","Quarter 2 1998","C2-98","Q2-98","1998","1998-99"
"1998Q3","Chwarter 3 1998","Quarter 3 1998","C3-98","Q3-98","1998","1998-99"
"1998Q4","Chwarter 4 1998","Quarter 4 1998","C4-98","Q4-98","1998","1998-99"
"1999Q1","Chwarter 1 1999","Quarter 1 1999","C1-99","Q1-99","1999","1998-99"
"1999Q2","Chwarter 2 1999","Quarter 2 1999","C2-99","Q2-99","1999","1999-100"
"1999Q3","Chwarter 3 1999","Quarter 3 1999","C3-99","Q3-99","1999","1999-100"
"1999Q4","Chwarter 4 1999","Quarter 4 1999","C4-99","Q4-99","1999","1999-100"
"2000Q1","Chwarter 1 2000","Quarter 1 2000","C1-00","Q1-00","2000","1999-00"
"2000Q2","Chwarter 2 2000","Quarter 2 2000","C2-00","Q2-00","2000","2000-01"
"2000Q3","Chwarter 3 2000","Quarter 3 2000","C3-00","Q3-00","2000","2000-01"
"2000Q4","Chwarter 4 2000","Quarter 4 2000","C4-00","Q4-00","2000","2000-01"
"2001Q1","Chwarter 1 2001","Quarter 1 2001","C1-01","Q1-01","2001","2000-01"
"2001Q2","Chwarter 2 2001","Quarter 2 2001","C2-01","Q2-01","2001","2001-02"
"2001Q3","Chwarter 3 2001","Quarter 3 2001","C3-01","Q3-01","2001","2001-02"
"2001Q4","Chwarter 4 2001","Quarter 4 2001","C4-01","Q4-01","2001","2001-02"
"2002Q1","Chwarter 1 2002","Quarter 1 2002","C1-02","Q1-02","2002","2001-02"
"2002Q2","Chwarter 2 2002","Quarter 2 2002","C2-02","Q2-02","2002","2002-03"
"2002Q3","Chwarter 3 2002","Quarter 3 2002","C3-02","Q3-02","2002","2002-03"
"2002Q4","Chwarter 4 2002","Quarter 4 2002","C4-02","Q4-02","2002","2002-03"
"2003Q1","Chwarter 1 2003","Quarter 1 2003","C1-03","Q1-03","2003","2002-03"
"2003Q2","Chwarter 2 2003","Quarter 2 2003","C2-03","Q2-03","2003","2003-04"
"2003Q3","Chwarter 3 2003","Quarter 3 2003","C3-03","Q3-03","2003","2003-04"
"2003Q4","Chwarter 4 2003","Quarter 4 2003","C4-03","Q4-03","2003","2003-04"
"2004Q1","Chwarter 1 2004","Quarter 1 2004","C1-04","Q1-04","2004","2003-04"
"2004Q2","Chwarter 2 2004","Quarter 2 2004","C2-04","Q2-04","2004","2004-05"
"2004Q3","Chwarter 3 2004","Quarter 3 2004","C3-04","Q3-04","2004","2004-05"
"2004Q4","Chwarter 4 2004","Quarter 4 2004","C4-04","Q4-04","2004","2004-05"
"2005Q1","Chwarter 1 2005","Quarter 1 2005","C1-05","Q1-05","2005","2004-05"
"2005Q2","Chwarter 2 2005","Quarter 2 2005","C2-05","Q2-05","2005","2005-06"
"2005Q3","Chwarter 3 2005","Quarter 3 2005","C3-05","Q3-05","2005","2005-06"
"2005Q4","Chwarter 4 2005","Quarter 4 2005","C4-05","Q4-05","2005","2005-06"
"2006Q1","Chwarter 1 2006","Quarter 1 2006","C1-06","Q1-06","2006","2005-06"
"2006Q2","Chwarter 2 2006","Quarter 2 2006","C2-06","Q2-06","2006","2006-07"
"2006Q3","Chwarter 3 2006","Quarter 3 2006","C3-06","Q3-06","2006","2006-07"
"2006Q4","Chwarter 4 2006","Quarter 4 2006","C4-06","Q4-06","2006","2006-07"
"2007Q1","Chwarter 1 2007","Quarter 1 2007","C1-07","Q1-07","2007","2006-07"
"2007Q2","Chwarter 2 2007","Quarter 2 2007","C2-07","Q2-07","2007","2007-08"
"2007Q3","Chwarter 3 2007","Quarter 3 2007","C3-07","Q3-07","2007","2007-08"
"2007Q4","Chwarter 4 2007","Quarter 4 2007","C4-07","Q4-07","2007","2007-08"
"2008Q1","Chwarter 1 2008","Quarter 1 2008","C1-08","Q1-08","2008","2007-08"
"2008Q2","Chwarter 2 2008","Quarter 2 2008","C2-08","Q2-08","2008","2008-09"
"2008Q3","Chwarter 3 2008","Quarter 3 2008","C3-08","Q3-08","2008","2008-09"
"2008Q4","Chwarter 4 2008","Quarter 4 2008","C4-08","Q4-08","2008","2008-09"
"2009Q1","Chwarter 1 2009","Quarter 1 2009","C1-09","Q1-09","2009","2008-09"
"2009Q2","Chwarter 2 2009","Quarter 2 2009","C2-09","Q2-09","2009","2009-10"
"2009Q3","Chwarter 3 2009","Quarter 3 2009","C3-09","Q3-09","2009","2009-10"
"2009Q4","Chwarter 4 2009","Quarter 4 2009","C4-09","Q4-09","2009","2009-10"
"2010Q1","Chwarter 1 2010","Quarter 1 2010","C1-10","Q1-10","2010","2009-10"
"2010Q2","Chwarter 2 2010","Quarter 2 2010","C2-10","Q2-10","2010","2010-11"
"2010Q3","Chwarter 3 2010","Quarter 3 2010","C3-10","Q3-10","2010","2010-11"
"2010Q4","Chwarter 4 2010","Quarter 4 2010","C4-10","Q4-10","2010","2010-11"
"2011Q1","Chwarter 1 2011","Quarter 1 2011","C1-11","Q1-11","2011","2010-11"
"2011Q2","Chwarter 2 2011","Quarter 2 2011","C2-11","Q2-11","2011","2011-12"
"2011Q3","Chwarter 3 2011","Quarter 3 2011","C3-11","Q3-11","2011","2011-12"
"2011Q4","Chwarter 4 2011","Quarter 4 2011","C4-11","Q4-11","2011","2011-12"
"2012Q1","Chwarter 1 2012","Quarter 1 2012","C1-12","Q1-12","2012","2011-12"
"2012Q2","Chwarter 2 2012","Quarter 2 2012","C2-12","Q2-12","2012","2012-13"
"2012Q3","Chwarter 3 2012","Quarter 3 2012","C3-12","Q3-12","2012","2012-13"
"2012Q4","Chwarter 4 2012","Quarter 4 2012","C4-12","Q4-12","2012","2012-13"
"2013Q1","Chwarter 1 2013","Quarter 1 2013","C1-13","Q1-13","2013","2012-13"
"2013Q2","Chwarter 2 2013","Quarter 2 2013","C2-13","Q2-13","2013","2013-14"
"2013Q3","Chwarter 3 2013","Quarter 3 2013","C3-13","Q3-13","2013","2013-14"
"2013Q4","Chwarter 4 2013","Quarter 4 2013","C4-13","Q4-13","2013","2013-14"
"2014Q1","Chwarter 1 2014","Quarter 1 2014","C1-14","Q1-14","2014","2013-14"
"2014Q2","Chwarter 2 2014","Quarter 2 2014","C2-14","Q2-14","2014","2014-15"
"2014Q3","Chwarter 3 2014","Quarter 3 2014","C3-14","Q3-14","2014","2014-15"
"2014Q4","Chwarter 4 2014","Quarter 4 2014","C4-14","Q4-14","2014","2014-15"
"2015Q1","Chwarter 1 2015","Quarter 1 2015","C1-15","Q1-15","2015","2014-15"
"2015Q2","Chwarter 2 2015","Quarter 2 2015","C2-15","Q2-15","2015","2015-16"
"2015Q3","Chwarter 3 2015","Quarter 3 2015","C3-15","Q3-15","2015","2015-16"
"2015Q4","Chwarter 4 2015","Quarter 4 2015","C4-15","Q4-15","2015","2015-16"
"2016Q1","Chwarter 1 2016","Quarter 1 2016","C1-16","Q1-16","2016","2015-16"
"2016Q2","Chwarter 2 2016","Quarter 2 2016","C2-16","Q2-16","2016","2016-17"
"2016Q3","Chwarter 3 2016","Quarter 3 2016","C3-16","Q3-16","2016","2016-17"
"2016Q4","Chwarter 4 2016","Quarter 4 2016","C4-16","Q4-16","2016","2016-17"
"2017Q1","Chwarter 1 2017","Quarter 1 2017","C1-17","Q1-17","2017","2016-17"
"2017Q2","Chwarter 2 2017","Quarter 2 2017","C2-17","Q2-17","2017","2017-18"
"2017Q3","Chwarter 3 2017","Quarter 3 2017","C3-17","Q3-17","2017","2017-18"
"2017Q4","Chwarter 4 2017","Quarter 4 2017","C4-17","Q4-17","2017","2017-18"
"2018Q1","Chwarter 1 2018","Quarter 1 2018","C1-18","Q1-18","2018","2017-18"
"2018Q2","Chwarter 2 2018","Quarter 2 2018","C2-18","Q2-18","2018","2018-19"
"2018Q3","Chwarter 3 2018","Quarter 3 2018","C3-18","Q3-18","2018","2018-19"
"2018Q4","Chwarter 4 2018","Quarter 4 2018","C4-18","Q4-18","2018","2018-19"
"2019Q1","Chwarter 1 2019","Quarter 1 2019","C1-19","Q1-19","2019","2018-19"
"2019Q2","Chwarter 2 2019","Quarter 2 2019","C2-19","Q2-19","2019","2019-20"
"2019Q3","Chwarter 3 2019","Quarter 3 2019","C3-19","Q3-19","2019","2019-20"
"2019Q4","Chwarter 4 2019","Quarter 4 2019","C4-19","Q4-19","2019","2019-20"
"2020Q1","Chwarter 1 2020","Quarter 1 2020","C1-20","Q1-20","2020","2019-20"
"2020Q2","Chwarter 2 2020","Quarter 2 2020","C2-20","Q2-20","2020","2020-21"
"2020Q3","Chwarter 3 2020","Quarter 3 2020","C3-20","Q3-20","2020","2020-21"
"2020Q4","Chwarter 4 2020","Quarter 4 2020","C4-20","Q4-20","2020","2020-21"
"2021Q1","Chwarter 1 2021","Quarter 1 2021","C1-21","Q1-21","2021","2020-21"
"2021Q2","Chwarter 2 2021","Quarter 2 2021","C2-21","Q2-21","2021","2021-22"
"2021Q3","Chwarter 3 2021","Quarter 3 2021","C3-21","Q3-21","2021","2021-22"
"2021Q4","Chwarter 4 2021","Quarter 4 2021","C4-21","Q4-21","2021","2021-22"
"2022Q1","Chwarter 1 2022","Quarter 1 2022","C1-22","Q1-22","2022","2021-22"
"2022Q2","Chwarter 2 2022","Quarter 2 2022","C2-22","Q2-22","2022","2022-23"
"2022Q3","Chwarter 3 2022","Quarter 3 2022","C3-22","Q3-22","2022","2022-23"
"2022Q4","Chwarter 4 2022","Quarter 4 2022","C4-22","Q4-22","2022","2022-23"
"2023Q1","Chwarter 1 2023","Quarter 1 2023","C1-23","Q1-23","2023","2022-23"
"2023Q2","Chwarter 2 2023","Quarter 2 2023","C2-23","Q2-23","2023","2023-24"
"2023Q3","Chwarter 3 2023","Quarter 3 2023","C3-23","Q3-23","2023","2023-24"
"2023Q4","Chwarter 4 2023","Quarter 4 2023","C4-23","Q4-23","2023","2023-24"
"2024Q1","Chwarter 1 2024","Quarter 1 2024","C1-24","Q1-24","2024","2023-24"
"2024Q2","Chwarter 2 2024","Quarter 2 2024","C2-24","Q2-24","2024","2024-25"
"2024Q3","Chwarter 3 2024","Quarter 3 2024","C3-24","Q3-24","2024","2024-25"
"2024Q4","Chwarter 4 2024","Quarter 4 2024","C4-24","Q4-24","2024","2024-25"
"2025Q1","Chwarter 1 2025","Quarter 1 2025","C1-25","Q1-25","2025","2024-25"
"2025Q2","Chwarter 2 2025","Quarter 2 2025","C2-25","Q2-25","2025","2025-26"
"2025Q3","Chwarter 3 2025","Quarter 3 2025","C3-25","Q3-25","2025","2025-26"
"2025Q4","Chwarter 4 2025","Quarter 4 2025","C4-25","Q4-25","2025","2025-26"
"2026Q1","Chwarter 1 2026","Quarter 1 2026","C1-26","Q1-26","2026","2025-26"
"2026Q2","Chwarter 2 2026","Quarter 2 2026","C2-26","Q2-26","2026","2026-27"
"2026Q3","Chwarter 3 2026","Quarter 3 2026","C3-26","Q3-26","2026","2026-27"
"2026Q4","Chwarter 4 2026","Quarter 4 2026","C4-26","Q4-26","2026","2026-27"
"2027Q1","Chwarter 1 2027","Quarter 1 2027","C1-27","Q1-27","2027","2026-27"
"2027Q2","Chwarter 2 2027","Quarter 2 2027","C2-27","Q2-27","2027","2027-28"
"2027Q3","Chwarter 3 2027","Quarter 3 2027","C3-27","Q3-27","2027","2027-28"
"2027Q4","Chwarter 4 2027","Quarter 4 2027","C4-27","Q4-27","2027","2027-28"
"2028Q1","Chwarter 1 2028","Quarter 1 2028","C1-28","Q1-28","2028","2027-28"
"2028Q2","Chwarter 2 2028","Quarter 2 2028","C2-28","Q2-28","2028","2028-29"
"2028Q3","Chwarter 3 2028","Quarter 3 2028","C3-28","Q3-28","2028","2028-29"
"2028Q4","Chwarter 4 2028","Quarter 4 2028","C4-28","Q4-28","2028","2028-29"
"2029Q1","Chwarter 1 2029","Quarter 1 2029","C1-29","Q1-29","2029","2028-29"
"2029Q2","Chwarter 2 2029","Quarter 2 2029","C2-29","Q2-29","2029","2029-30"
"2029Q3","Chwarter 3 2029","Quarter 3 2029","C3-29","Q3-29","2029","2029-30"
"2029Q4","Chwarter 4 2029","Quarter 4 2029","C4-29","Q4-29","2029","2029-30"
"2030Q1","Chwarter 1 2030","Quarter 1 2030","C1-30","Q1-30","2030","2029-30"
"2030Q2","Chwarter 2 2030","Quarter 2 2030","C2-30","Q2-30","2030","2030-31"
"2030Q3","Chwarter 3 2030","Quarter 3 2030","C3-30","Q3-30","2030","2030-31"
"2030Q4","Chwarter 4 2030","Quarter 4 2030","C4-30","Q4-30","2030","2030-31"
"2031Q1","Chwarter 1 2031","Quarter 1 2031","C1-31","Q1-31","2031","2030-31"
"2031Q2","Chwarter 2 2031","Quarter 2 2031","C2-31","Q2-31","2031","2031-32"
"2031Q3","Chwarter 3 2031","Quarter 3 2031","C3-31","Q3-31","2031","2031-32"
"2031Q4","Chwarter 4 2031","Quarter 4 2031","C4-31","Q4-31","2031","2031-32"
"2032Q1","Chwarter 1 2032","Quarter 1 2032","C1-32","Q1-32","2032","2031-32"
"2032Q2","Chwarter 2 2032","Quarter 2 2032","C2-32","Q2-32","2032","2032-33"
"2032Q3","Chwarter 3 2032","Quarter 3 2032","C3-32","Q3-32","2032","2032-33"
"2032Q4","Chwarter 4 2032","Quarter 4 2032","C4-32","Q4-32","2032","2032-33"
"2033Q1","Chwarter 1 2033","Quarter 1 2033","C1-33","Q1-33","2033","2032-33"
"2033Q2","Chwarter 2 2033","Quarter 2 2033","C2-33","Q2-33","2033","2033-34"
"2033Q3","Chwarter 3 2033","Quarter 3 2033","C3-33","Q3-33","2033","2033-34"
"2033Q4","Chwarter 4 2033","Quarter 4 2033","C4-33","Q4-33","2033","2033-34"
"2034Q1","Chwarter 1 2034","Quarter 1 2034","C1-34","Q1-34","2034","2033-34"
"2034Q2","Chwarter 2 2034","Quarter 2 2034","C2-34","Q2-34","2034","2034-35"
"2034Q3","Chwarter 3 2034","Quarter 3 2034","C3-34","Q3-34","2034","2034-35"
"2034Q4","Chwarter 4 2034","Quarter 4 2034","C4-34","Q4-34","2034","2034-35"
"2035Q1","Chwarter 1 2035","Quarter 1 2035","C1-35","Q1-35","2035","2034-35"
"2035Q2","Chwarter 2 2035","Quarter 2 2035","C2-35","Q2-35","2035","2035-36"
"2035Q3","Chwarter 3 2035","Quarter 3 2035","C3-35","Q3-35","2035","2035-36"
"2035Q4","Chwarter 4 2035","Quarter 4 2035","C4-35","Q4-35","2035","2035-36"
"2036Q1","Chwarter 1 2036","Quarter 1 2036","C1-36","Q1-36","2036","2035-36"
"2036Q2","Chwarter 2 2036","Quarter 2 2036","C2-36","Q2-36","2036","2036-37"
"2036Q3","Chwarter 3 2036","Quarter 3 2036","C3-36","Q3-36","2036","2036-37"
"2036Q4","Chwarter 4 2036","Quarter 4 2036","C4-36","Q4-36","2036","2036-37"
"2037Q1","Chwarter 1 2037","Quarter 1 2037","C1-37","Q1-37","2037","2036-37"
"2037Q2","Chwarter 2 2037","Quarter 2 2037","C2-37","Q2-37","2037","2037-38"
"2037Q3","Chwarter 3 2037","Quarter 3 2037","C3-37","Q3-37","2037","2037-38"
"2037Q4","Chwarter 4 2037","Quarter 4 2037","C4-37","Q4-37","2037","2037-38"
"2038Q1","Chwarter 1 2038","Quarter 1 2038","C1-38","Q1-38","2038","2037-38"
"2038Q2","Chwarter 2 2038","Quarter 2 2038","C2-38","Q2-38","2038","2038-39"
"2038Q3","Chwarter 3 2038","Quarter 3 2038","C3-38","Q3-38","2038","2038-39"
"2038Q4","Chwarter 4 2038","Quarter 4 2038","C4-38","Q4-38","2038","2038-39"
"2039Q1","Chwarter 1 2039","Quarter 1 2039","C1-39","Q1-39","2039","2038-39"
"2039Q2","Chwarter 2 2039","Quarter 2 2039","C2-39","Q2-39","2039","2039-40"
"2039Q3","Chwarter 3 2039","Quarter 3 2039","C3-39","Q3-39","2039","2039-40"
"2039Q4","Chwarter 4 2039","Quarter 4 2039","C4-39","Q4-39","2039","2039-40"
"2040Q1","Chwarter 1 2040","Quarter 1 2040","C1-40","Q1-40","2040","2039-40"
"2040Q2","Chwarter 2 2040","Quarter 2 2040","C2-40","Q2-40","2040","2040-41"
"2040Q3","Chwarter 3 2040","Quarter 3 2040","C3-40","Q3-40","2040","2040-41"
"2040Q4","Chwarter 4 2040","Quarter 4 2040","C4-40","Q4-40","2040","2040-41"
"2041Q1","Chwarter 1 2041","Quarter 1 2041","C1-41","Q1-41","2041","2040-41"
"2041Q2","Chwarter 2 2041","Quarter 2 2041","C2-41","Q2-41","2041","2041-42"
"2041Q3","Chwarter 3 2041","Quarter 3 2041","C3-41","Q3-41","2041","2041-42"
"2041Q4","Chwarter 4 2041","Quarter 4 2041","C4-41","Q4-41","2041","2041-42"
"2042Q1","Chwarter 1 2042","Quarter 1 2042","C1-42","Q1-42","2042","2041-42"
"2042Q2","Chwarter 2 2042","Quarter 2 2042","C2-42","Q2-42","2042","2042-43"
"2042Q3","Chwarter 3 2042","Quarter 3 2042","C3-42","Q3-42","2042","2042-43"
"2042Q4","Chwarter 4 2042","Quarter 4 2042","C4-42","Q4-42","2042","2042-43"
"2043Q1","Chwarter 1 2043","Quarter 1 2043","C1-43","Q1-43","2043","2042-43"
"2043Q2","Chwarter 2 2043","Quarter 2 2043","C2-43","Q2-43","2043","2043-44"
"2043Q3","Chwarter 3 2043","Quarter 3 2043","C3-43","Q3-43","2043","2043-44"
"2043Q4","Chwarter 4 2043","Quarter 4 2043","C4-43","Q4-43","2043","2043-44"
"2044Q1","Chwarter 1 2044","Quarter 1 2044","C1-44","Q1-44","2044","2043-44"
"2044Q2","Chwarter 2 2044","Quarter 2 2044","C2-44","Q2-44","2044","2044-45"
"2044Q3","Chwarter 3 2044","Quarter 3 2044","C3-44","Q3-44","2044","2044-45"
"2044Q4","Chwarter 4 2044","Quarter 4 2044","C4-44","Q4-44","2044","2044-45"
"2045Q1","Chwarter 1 2045","Quarter 1 2045","C1-45","Q1-45","2045","2044-45"
"2045Q2","Chwarter 2 2045","Quarter 2 2045","C2-45","Q2-45","2045","2045-46"
"2045Q3","Chwarter 3 2045","Quarter 3 2045","C3-45","Q3-45","2045","2045-46"
"2045Q4","Chwarter 4 2045","Quarter 4 2045","C4-45","Q4-45","2045","2045-46"
"2046Q1","Chwarter 1 2046","Quarter 1 2046","C1-46","Q1-46","2046","2045-46"
"2046Q2","Chwarter 2 2046","Quarter 2 2046","C2-46","Q2-46","2046","2046-47"
"2046Q3","Chwarter 3 2046","Quarter 3 2046","C3-46","Q3-46","2046","2046-47"
"2046Q4","Chwarter 4 2046","Quarter 4 2046","C4-46","Q4-46","2046","2046-47"
"2047Q1","Chwarter 1 2047","Quarter 1 2047","C1-47","Q1-47","2047","2046-47"
"2047Q2","Chwarter 2 2047","Quarter 2 2047","C2-47","Q2-47","2047","2047-48"
"2047Q3","Chwarter 3 2047","Quarter 3 2047","C3-47","Q3-47","2047","2047-48"
"2047Q4","Chwarter 4 2047","Quarter 4 2047","C4-47","Q4-47","2047","2047-48"
"2048Q1","Chwarter 1 2048","Quarter 1 2048","C1-48","Q1-48","2048","2047-48"
"2048Q2","Chwarter 2 2048","Quarter 2 2048","C2-48","Q2-48","2048","2048-49"
"2048Q3","Chwarter 3 2048","Quarter 3 2048","C3-48","Q3-48","2048","2048-49"
"2048Q4","Chwarter 4 2048","Quarter 4 2048","C4-48","Q4-48","2048","2048-49"
"2049Q1","Chwarter 1 2049","Quarter 1 2049","C1-49","Q1-49","2049","2048-49"
"2049Q2","Chwarter 2 2049","Quarter 2 2049","C2-49","Q2-49","2049","2049-50"
"2049Q3","Chwarter 3 2049","Quarter 3 2049","C3-49","Q3-49","2049","2049-50"
"2049Q4","Chwarter 4 2049","Quarter 4 2049","C4-49","Q4-49","2049","2049-50"
"2050Q1","Chwarter 1 2050","Quarter 1 2050","C1-50","Q1-50","2050","2049-50"
"2050Q2","Chwarter 2 2050","Quarter 2 2050","C2-50","Q2-50","2050","2050-51"
"2050Q3","Chwarter 3 2050","Quarter 3 2050","C3-50","Q3-50","2050","2050-51"
"2050Q4","Chwarter 4 2050","Quarter 4 2050","C4-50","Q4-50","2050","2050-51"
